close_time_ms,close
1514851200000,13380.0
1514937600000,14675.11
1515024000000,14919.51
1515110400000,15059.54
1515196800000,16960.39
1515283200000,17069.79
1515369600000,16150.03
1515456000000,14902.54
1515542400000,14400.0
1515628800000,14907.09
1515715200000,13238.78
1515801600000,13740.01
1515888000000,14210.0
1515974400000,13474.99
1516060800000,13539.93
1516147200000,10900.0
1516233600000,10988.79
1516320000000,10961.97
1516406400000,11474.98
1516492800000,12799.94
1516579200000,11530.0
1516665600000,10760.05
1516752000000,10799.18
1516838400000,11349.99
1516924800000,11175.27
1517011200000,11089.0
1517097600000,11491.0
1517184000000,11879.95
1517270400000,11251.0
1517356800000,10237.51
1517443200000,10285.1
1517529600000,9224.52
1517616000000,8873.03
1517702400000,9199.96
1517788800000,8184.81
1517875200000,6939.99
1517961600000,7652.14
1518048000000,7599.0
1518134400000,7784.02
1518220800000,8683.92
1518307200000,8533.98
1518393600000,8063.88
1518480000000,8903.0
1518566400000,8539.9
1518652800000,9449.99
1518739200000,10000.09
1518825600000,10159.98
1518912000000,11039.55
1518998400000,10383.43
1519084800000,11153.0
1519171200000,11200.99
1519257600000,10437.6
1519344000000,9811.04
1519430400000,10131.04
1519516800000,9694.51
1519603200000,9590.0
1519689600000,10324.0
1519776000000,10569.04
1519862400000,10326.76
1519948800000,10920.0
1520035200000,11039.0
1520121600000,11464.48
1520208000000,11515.0
1520294400000,11454.0
1520380800000,10716.48
1520467200000,9910.0
1520553600000,9271.64
1520640000000,9227.0
1520726400000,8770.22
1520812800000,9533.57
1520899200000,9131.34
1520985600000,9150.0
1521072000000,8170.0
1521158400000,8240.98
1521244800000,8260.0
1521331200000,7824.8
1521417600000,8189.99
1521504000000,8600.0
1521590400000,8909.98
1521676800000,8885.0
1521763200000,8722.9
1521849600000,8898.03
1521936000000,8546.86
1522022400000,8470.15
1522108800000,8134.23
1522195200000,7795.51
1522281600000,7949.3
1522368000000,7090.14
1522454400000,6840.23
1522540800000,6923.91
1522627200000,6813.01
1522713600000,7056.0
1522800000000,7405.21
1522886400000,6796.1
1522972800000,6770.76
1523059200000,6601.39
1523145600000,6895.8
1523232000000,7018.0
1523318400000,6782.72
1523404800000,6843.9
1523491200000,6953.79
1523577600000,7923.0
1523664000000,7877.41
1523750400000,7999.01
1523836800000,8355.0
1523923200000,8064.92
1524009600000,7885.02
1524096000000,8173.0
1524182400000,8278.0
1524268800000,8856.98
1524355200000,8915.31
1524441600000,8787.02
1524528000000,8934.01
1524614400000,9619.99
1524700800000,8869.99
1524787200000,9266.0
1524873600000,8915.35
1524960000000,9348.0
1525046400000,9419.0
1525132800000,9246.01
1525219200000,9071.48
1525305600000,9247.84
1525392000000,9750.0
1525478400000,9713.99
1525564800000,9864.0
1525651200000,9659.01
1525737600000,9365.0
1525824000000,9187.56
1525910400000,9310.0
1525996800000,9002.2
1526083200000,8400.0
1526169600000,8465.94
1526256000000,8679.71
1526342400000,8663.34
1526428800000,8462.0
1526515200000,8330.0
1526601600000,8041.46
1526688000000,8239.81
1526774400000,8233.49
1526860800000,8526.98
1526947200000,8381.24
1527033600000,7977.11
1527120000000,7501.95
1527206400000,7575.01
1527292800000,7457.0
1527379200000,7333.96
1527465600000,7338.99
1527552000000,7099.0
1527638400000,7461.29
1527724800000,7375.96
1527811200000,7485.01
1527897600000,7521.01
1527984000000,7640.03
1528070400000,7714.26
1528156800000,7487.0
1528243200000,7625.0
1528329600000,7658.84
1528416000000,7691.08
1528502400000,7603.44
1528588800000,7491.73
1528675200000,6764.99
1528761600000,6872.0
1528848000000,6530.0
1528934400000,6292.78
1529020800000,6635.98
1529107200000,6388.9
1529193600000,6483.98
1529280000000,6449.61
1529366400000,6712.46
1529452800000,6741.21
1529539200000,6761.51
1529625600000,6718.84
1529712000000,6045.0
1529798400000,6149.98
1529884800000,6136.97
1529971200000,6252.0
1530057600000,6070.78
1530144000000,6133.73
1530230400000,5853.98
1530316800000,6197.92
1530403200000,6390.07
1530489600000,6356.81
1530576000000,6615.29
1530662400000,6513.86
1530748800000,6586.98
1530835200000,6529.2
1530921600000,6609.78
1531008000000,6756.98
1531094400000,6712.1
1531180800000,6662.12
1531267200000,6296.91
1531353600000,6378.07
1531440000000,6250.57
1531526400000,6214.57
1531612800000,6251.99
1531699200000,6353.01
1531785600000,6723.35
1531872000000,7317.44
1531958400000,7381.9
1532044800000,7466.21
1532131200000,7337.53
1532217600000,7398.78
1532304000000,7394.79
1532390400000,7721.01
1532476800000,8397.24
1532563200000,8175.64
1532649600000,7920.0
1532736000000,8188.57
1532822400000,8225.04
1532908800000,8211.0
1532995200000,8173.92
1533081600000,7730.93
1533168000000,7604.58
1533254400000,7525.71
1533340800000,7418.78
1533427200000,7009.84
1533513600000,7024.19
1533600000000,6934.82
1533686400000,6720.06
1533772800000,6285.0
1533859200000,6529.79
1533945600000,6144.01
1534032000000,6232.35
1534118400000,6308.33
1534204800000,6246.35
1534291200000,6188.08
1534377600000,6267.16
1534464000000,6311.75
1534550400000,6584.49
1534636800000,6387.96
1534723200000,6477.53
1534809600000,6254.84
1534896000000,6480.0
1534982400000,6360.89
1535068800000,6525.01
1535155200000,6681.64
1535241600000,6733.64
1535328000000,6700.0
1535414400000,6908.64
1535500800000,7076.11
1535587200000,7031.22
1535673600000,6984.84
1535760000000,7011.21
1535846400000,7200.01
1535932800000,7302.01
1536019200000,7263.02
1536105600000,7359.06
1536192000000,6700.0
1536278400000,6516.01
1536364800000,6395.54
1536451200000,6185.05
1536537600000,6250.81
1536624000000,6312.0
1536710400000,6294.91
1536796800000,6338.62
1536883200000,6487.38
1536969600000,6476.63
1537056000000,6514.96
1537142400000,6505.0
1537228800000,6248.69
1537315200000,6336.45
1537401600000,6391.89
1537488000000,6492.0
1537574400000,6759.02
1537660800000,6723.05
1537747200000,6708.0
1537833600000,6581.39
1537920000000,6447.54
1538006400000,6465.12
1538092800000,6689.13
1538179200000,6634.58
1538265600000,6596.38
1538352000000,6626.57
1538438400000,6611.61
1538524800000,6525.79
1538611200000,6510.0
1538697600000,6593.79
1538784000000,6635.65
1538870400000,6594.27
1538956800000,6615.26
1539043200000,6673.01
1539129600000,6656.61
1539216000000,6631.0
1539302400000,6252.68
1539388800000,6298.01
1539475200000,6332.93
1539561600000,6339.34
1539648000000,6752.5
1539734400000,6759.27
1539820800000,6740.89
1539907200000,6618.96
1539993600000,6528.88
1540080000000,6588.4
1540166400000,6590.11
1540252800000,6581.2
1540339200000,6553.51
1540425600000,6565.5
1540512000000,6528.09
1540598400000,6538.63
1540684800000,6505.6
1540771200000,6489.93
1540857600000,6344.5
1540944000000,6330.87
1541030400000,6371.93
1541116800000,6410.0
1541203200000,6433.98
1541289600000,6387.09
1541376000000,6485.85
1541462400000,6468.99
1541548800000,6519.11
1541635200000,6578.46
1541721600000,6479.84
1541808000000,6419.99
1541894400000,6433.05
1541980800000,6449.81
1542067200000,6453.07
1542153600000,6457.66
1542240000000,5922.41
1542326400000,5753.4
1542412800000,5655.94
1542499200000,5628.29
1542585600000,5662.0
1542672000000,4910.03
1542758400000,4558.86
1542844800000,4661.07
1542931200000,4370.0
1543017600000,4420.61
1543104000000,3932.44
1543190400000,4085.78
1543276800000,3862.2
1543363200000,3875.21
1543449600000,4264.85
1543536000000,4295.84
1543622400000,4041.32
1543708800000,4190.02
1543795200000,4161.01
1543881600000,3884.01
1543968000000,3951.64
1544054400000,3769.84
1544140800000,3508.75
1544227200000,3403.55
1544313600000,3410.93
1544400000000,3545.37
1544486400000,3432.88
1544572800000,3380.39
1544659200000,3445.0
1544745600000,3302.06
1544832000000,3224.17
1544918400000,3211.72
1545004800000,3228.67
1545091200000,3509.08
1545177600000,3652.98
1545264000000,3662.22
1545350400000,4049.62
1545436800000,3838.66
1545523200000,3948.91
1545609600000,3929.71
1545696000000,4008.01
1545782400000,3745.79
1545868800000,3777.74
1545955200000,3567.91
1546041600000,3839.26
1546128000000,3695.32
1546214400000,3801.91
1546300800000,3702.9
1546387200000,3797.14
1546473600000,3858.56
1546560000000,3766.78
1546646400000,3792.01
1546732800000,3770.96
1546819200000,3987.6
1546905600000,3975.45
1546992000000,3955.13
1547078400000,3966.65
1547164800000,3585.88
1547251200000,3601.31
1547337600000,3583.13
1547424000000,3476.81
1547510400000,3626.09
1547596800000,3553.06
1547683200000,3591.84
1547769600000,3616.21
1547856000000,3594.87
1547942400000,3665.3
1548028800000,3539.28
1548115200000,3526.9
1548201600000,3570.93
1548288000000,3552.82
1548374400000,3569.62
1548460800000,3565.29
1548547200000,3565.25
1548633600000,3550.84
1548720000000,3434.15
1548806400000,3411.04
1548892800000,3458.18
1548979200000,3434.1
1549065600000,3462.07
1549152000000,3504.77
1549238400000,3458.11
1549324800000,3463.22
1549411200000,3471.59
1549497600000,3405.37
1549584000000,3398.4
1549670400000,3659.04
1549756800000,3665.18
1549843200000,3680.06
1549929600000,3631.05
1550016000000,3631.46
1550102400000,3609.4
1550188800000,3590.56
1550275200000,3602.47
1550361600000,3618.41
1550448000000,3667.58
1550534400000,3898.6
1550620800000,3907.79
1550707200000,3969.74
1550793600000,3937.31
1550880000000,3962.0
1550966400000,4117.76
1551052800000,3743.56
1551139200000,3827.92
1551225600000,3809.23
1551312000000,3818.07
1551398400000,3813.69
1551484800000,3823.0
1551571200000,3819.93
1551657600000,3807.75
1551744000000,3715.3
1551830400000,3857.73
1551916800000,3861.84
1552003200000,3873.64
1552089600000,3864.89
1552176000000,3943.04
1552262400000,3916.82
1552348800000,3871.61
1552435200000,3882.73
1552521600000,3866.0
1552608000000,3877.12
1552694400000,3923.76
1552780800000,4005.98
1552867200000,3981.14
1552953600000,3987.81
1553040000000,4015.53
1553126400000,4043.04
1553212800000,3980.64
1553299200000,3986.93
1553385600000,4006.01
1553472000000,3992.18
1553558400000,3936.12
1553644800000,3948.55
1553731200000,4038.05
1553817600000,4027.81
1553904000000,4103.25
1553990400000,4106.97
1554076800000,4103.95
1554163200000,4144.56
1554249600000,4857.29
1554336000000,4932.6
1554422400000,4898.66
1554508800000,5004.95
1554595200000,5043.89
1554681600000,5170.27
1554768000000,5236.9
1554854400000,5150.0
1554940800000,5308.25
1555027200000,5017.37
1555113600000,5048.01
1555200000000,5045.22
1555286400000,5131.3
1555372800000,5024.95
1555459200000,5173.72
1555545600000,5202.82
1555632000000,5258.44
1555718400000,5258.68
1555804800000,5291.73
1555891200000,5256.14
1555977600000,5357.14
1556064000000,5493.31
1556150400000,5415.0
1556236800000,5219.9
1556323200000,5314.1
1556409600000,5295.69
1556496000000,5307.52
1556582400000,5238.14
1556668800000,5320.81
1556755200000,5383.2
1556841600000,5492.87
1556928000000,5772.69
1557014400000,5829.45
1557100800000,5775.62
1557187200000,5747.79
1557273600000,5846.34
1557360000000,5987.29
1557446400000,6209.18
1557532800000,6373.33
1557619200000,7076.22
1557705600000,6967.31
1557792000000,7790.71
1557878400000,7947.56
1557964800000,8169.87
1558051200000,7866.59
1558137600000,7355.26
1558224000000,7257.45
1558310400000,8148.48
1558396800000,7938.15
1558483200000,7904.87
1558569600000,7628.43
1558656000000,7851.51
1558742400000,7964.87
1558828800000,8025.41
1558915200000,8614.43
1559001600000,8756.32
1559088000000,8715.64
1559174400000,8645.68
1559260800000,8269.54
1559347200000,8555.0
1559433600000,8544.07
1559520000000,8725.98
1559606400000,8115.82
1559692800000,7687.03
1559779200000,7776.5
1559865600000,7786.7
1559952000000,7980.53
1560038400000,7893.62
1560124800000,7628.13
1560211200000,7982.75
1560297600000,7884.9
1560384000000,8127.64
1560470400000,8218.54
1560556800000,8650.0
1560643200000,8808.7
1560729600000,8953.33
1560816000000,9313.96
1560902400000,9081.55
1560988800000,9255.49
1561075200000,9517.12
1561161600000,10159.86
1561248000000,10729.5
1561334400000,10906.07
1561420800000,11056.59
1561507200000,11820.86
1561593600000,13093.8
1561680000000,11329.99
1561766400000,12400.63
1561852800000,11903.13
1561939200000,10854.1
1562025600000,10624.93
1562112000000,10842.85
1562198400000,11940.0
1562284800000,11145.67
1562371200000,10970.73
1562457600000,11256.49
1562544000000,11406.24
1562630400000,12238.6
1562716800000,12543.41
1562803200000,12108.37
1562889600000,11342.89
1562976000000,11757.22
1563062400000,11355.76
1563148800000,10174.18
1563235200000,10838.72
1563321600000,9439.59
1563408000000,9667.92
1563494400000,10627.16
1563580800000,10504.29
1563667200000,10740.23
1563753600000,10589.45
1563840000000,10340.31
1563926400000,9864.91
1564012800000,9763.28
1564099200000,9879.87
1564185600000,9824.0
1564272000000,9476.52
1564358400000,9541.54
1564444800000,9507.64
1564531200000,9574.21
1564617600000,10080.53
1564704000000,10374.99
1564790400000,10523.75
1564876800000,10816.86
1564963200000,10929.23
1565049600000,11828.8
1565136000000,11481.69
1565222400000,11975.03
1565308800000,11999.77
1565395200000,11879.99
1565481600000,11309.31
1565568000000,11549.97
1565654400000,11396.08
1565740800000,10892.71
1565827200000,10050.37
1565913600000,10293.93
1566000000000,10331.54
1566086400000,10216.02
1566172800000,10306.78
1566259200000,10915.54
1566345600000,10760.51
1566432000000,10142.57
1566518400000,10099.88
1566604800000,10389.55
1566691200000,10134.35
1566777600000,10142.69
1566864000000,10372.25
1566950400000,10185.05
1567036800000,9721.0
1567123200000,9498.44
1567209600000,9584.54
1567296000000,9587.47
1567382400000,9724.98
1567468800000,10340.0
1567555200000,10615.28
1567641600000,10567.02
1567728000000,10564.49
1567814400000,10298.73
1567900800000,10455.88
1567987200000,10381.18
1568073600000,10303.12
1568160000000,10098.15
1568246400000,10158.33
1568332800000,10415.01
1568419200000,10342.06
1568505600000,10335.02
1568592000000,10302.01
1568678400000,10251.31
1568764800000,10187.82
1568851200000,10156.99
1568937600000,10244.29
1569024000000,10168.59
1569110400000,9986.39
1569196800000,10028.87
1569283200000,9702.25
1569369600000,8493.14
1569456000000,8430.05
1569542400000,8063.73
1569628800000,8177.91
1569715200000,8198.81
1569801600000,8043.82
1569888000000,8289.34
1569974400000,8292.44
1570060800000,8359.94
1570147200000,8223.96
1570233600000,8137.13
1570320000000,8126.19
1570406400000,7854.25
1570492800000,8190.09
1570579200000,8168.39
1570665600000,8560.74
1570752000000,8558.03
1570838400000,8258.5
1570924800000,8300.09
1571011200000,8275.01
1571097600000,8348.2
1571184000000,8159.29
1571270400000,7991.74
1571356800000,8070.58
1571443200000,7947.01
1571529600000,7948.01
1571616000000,8223.35
1571702400000,8197.27
1571788800000,8020.0
1571875200000,7466.62
1571961600000,7412.41
1572048000000,8655.02
1572134400000,9230.0
1572220800000,9529.93
1572307200000,9205.14
1572393600000,9407.62
1572480000000,9154.72
1572566400000,9140.85
1572652800000,9231.61
1572739200000,9289.52
1572825600000,9194.71
1572912000000,9393.35
1572998400000,9308.66
1573084800000,9339.05
1573171200000,9216.2
1573257600000,8773.73
1573344000000,8809.41
1573430400000,9039.47
1573516800000,8733.27
1573603200000,8821.94
1573689600000,8777.12
1573776000000,8646.68
1573862400000,8471.73
1573948800000,8491.02
1574035200000,8502.4
1574121600000,8187.17
1574208000000,8133.64
1574294400000,8098.01
1574380800000,7627.74
1574467200000,7268.23
1574553600000,7311.57
1574640000000,6903.28
1574726400000,7109.57
1574812800000,7156.14
1574899200000,7508.52
1574985600000,7419.49
1575072000000,7739.68
1575158400000,7541.89
1575244800000,7390.89
1575331200000,7294.28
1575417600000,7292.71
1575504000000,7194.32
1575590400000,7389.0
1575676800000,7527.47
1575763200000,7488.21
1575849600000,7510.11
1575936000000,7338.64
1576022400000,7224.13
1576108800000,7210.0
1576195200000,7198.08
1576281600000,7258.48
1576368000000,7064.05
1576454400000,7118.59
1576540800000,6891.72
1576627200000,6623.82
1576713600000,7277.83
1576800000000,7150.3
1576886400000,7187.83
1576972800000,7132.75
1577059200000,7501.44
1577145600000,7317.09
1577232000000,7255.77
1577318400000,7204.63
1577404800000,7202.0
1577491200000,7254.74
1577577600000,7316.14
1577664000000,7388.24
1577750400000,7246.0
1577836800000,7195.23
1577923200000,7200.85
1578009600000,6965.71
1578096000000,7344.96
1578182400000,7354.11
1578268800000,7358.75
1578355200000,7758.0
1578441600000,8145.28
1578528000000,8055.98
1578614400000,7817.76
1578700800000,8197.02
1578787200000,8020.01
1578873600000,8184.98
1578960000000,8110.34
1579046400000,8810.01
1579132800000,8821.41
1579219200000,8720.01
1579305600000,8913.28
1579392000000,8915.96
1579478400000,8701.7
1579564800000,8642.35
1579651200000,8736.03
1579737600000,8682.36
1579824000000,8404.52
1579910400000,8439.0
1579996800000,8340.58
1580083200000,8615.0
1580169600000,8907.57
1580256000000,9374.21
1580342400000,9301.53
1580428800000,9513.21
1580515200000,9352.89
1580601600000,9384.61
1580688000000,9331.51
1580774400000,9292.24
1580860800000,9197.02
1580947200000,9612.04
1581033600000,9772.0
1581120000000,9813.73
1581206400000,9895.05
1581292800000,10151.75
1581379200000,9851.83
1581465600000,10223.08
1581552000000,10326.46
1581638400000,10229.63
1581724800000,10344.36
1581811200000,9904.72
1581897600000,9917.27
1581984000000,9706.0
1582070400000,10164.71
1582156800000,9593.79
1582243200000,9596.42
1582329600000,9677.05
1582416000000,9650.86
1582502400000,9936.4
1582588800000,9656.13
1582675200000,9315.84
1582761600000,8785.25
1582848000000,8823.21
1582934400000,8692.91
1583020800000,8523.61
1583107200000,8531.88
1583193600000,8915.24
1583280000000,8760.07
1583366400000,8750.87
1583452800000,9054.68
1583539200000,9131.88
1583625600000,8886.66
1583712000000,8033.31
1583798400000,7929.87
1583884800000,7894.56
1583971200000,7934.52
1584057600000,4800.0
1584144000000,5578.6
1584230400000,5172.06
1584316800000,5361.3
1584403200000,5028.97
1584489600000,5312.64
1584576000000,5393.04
1584662400000,6162.37
1584748800000,6208.36
1584835200000,6186.98
1584921600000,5816.19
1585008000000,6467.31
1585094400000,6744.72
1585180800000,6677.43
1585267200000,6737.36
1585353600000,6359.11
1585440000000,6236.65
1585526400000,5881.42
1585612800000,6394.38
1585699200000,6410.44
1585785600000,6642.92
1585872000000,6794.09
1585958400000,6734.1
1586044800000,6856.99
1586131200000,6772.78
1586217600000,7329.9
1586304000000,7197.32
1586390400000,7361.28
1586476800000,7283.54
1586563200000,6858.92
1586649600000,6876.83
1586736000000,6903.79
1586822400000,6837.91
1586908800000,6868.7
1586995200000,6621.24
1587081600000,7101.94
1587168000000,7027.55
1587254400000,7248.6
1587340800000,7120.74
1587427200000,6826.83
1587513600000,6841.37
1587600000000,7125.14
1587686400000,7482.39
1587772800000,7505.0
1587859200000,7538.67
1587945600000,7693.1
1588032000000,7774.62
1588118400000,7738.98
1588204800000,8778.57
1588291200000,8620.0
1588377600000,8826.96
1588464000000,8972.05
1588550400000,8894.16
1588636800000,8871.96
1588723200000,9021.83
1588809600000,9142.92
1588896000000,9986.4
1588982400000,9800.01
1589068800000,9539.4
1589155200000,8722.77
1589241600000,8561.52
1589328000000,8810.79
1589414400000,9309.37
1589500800000,9791.98
1589587200000,9316.42
1589673600000,9381.27
1589760000000,9680.04
1589846400000,9733.93
1589932800000,9775.53
1590019200000,9511.43
1590105600000,9068.65
1590192000000,9170.0
1590278400000,9179.15
1590364800000,8720.34
1590451200000,8900.35
1590537600000,8841.18
1590624000000,9204.07
1590710400000,9575.89
1590796800000,9427.07
1590883200000,9697.72
1590969600000,9448.27
1591056000000,10200.77
1591142400000,9518.04
1591228800000,9666.24
1591315200000,9789.06
1591401600000,9621.16
1591488000000,9666.3
1591574400000,9746.99
1591660800000,9782.01
1591747200000,9772.43
1591833600000,9885.0
1591920000000,9280.4
1592006400000,9465.13
1592092800000,9473.34
1592179200000,9342.1
1592265600000,9426.02
1592352000000,9525.59
1592438400000,9465.14
1592524800000,9386.32
1592611200000,9310.23
1592697600000,9358.95
1592784000000,9294.69
1592870400000,9685.69
1592956800000,9624.89
1593043200000,9296.49
1593129600000,9249.49
1593216000000,9162.21
1593302400000,9012.0
1593388800000,9116.35
1593475200000,9192.56
1593561600000,9138.55
1593648000000,9232.0
1593734400000,9086.54
1593820800000,9058.26
1593907200000,9135.46
1593993600000,9069.41
1594080000000,9344.2
1594166400000,9257.39
1594252800000,9436.06
1594339200000,9232.43
1594425600000,9288.34
1594512000000,9234.03
1594598400000,9302.75
1594684800000,9242.62
1594771200000,9255.85
1594857600000,9197.6
1594944000000,9133.72
1595030400000,9154.32
1595116800000,9170.28
1595203200000,9208.99
1595289600000,9160.78
1595376000000,9390.0
1595462400000,9518.16
1595548800000,9603.27
1595635200000,9537.8
1595721600000,9700.42
1595808000000,9931.54
1595894400000,11029.96
1595980800000,10906.27
1596067200000,11100.53
1596153600000,11099.61
1596240000000,11335.46
1596326400000,11801.17
1596412800000,11071.35
1596499200000,11219.81
1596585600000,11191.97
1596672000000,11744.91
1596758400000,11762.46
1596844800000,11594.23
1596931200000,11761.41
1597017600000,11681.68
1597104000000,11892.92
1597190400000,11392.08
1597276800000,11564.33
1597363200000,11780.0
1597449600000,11760.54
1597536000000,11852.4
1597622400000,11911.0
1597708800000,12281.13
1597795200000,11945.01
1597881600000,11754.59
1597968000000,11853.55
1598054400000,11531.34
1598140800000,11662.96
1598227200000,11648.13
1598313600000,11748.2
1598400000000,11318.42
1598486400000,11461.43
1598572800000,11330.38
1598659200000,11526.91
1598745600000,11465.84
1598832000000,11711.16
1598918400000,11649.51
1599004800000,11921.97
1599091200000,11388.54
1599177600000,10140.85
1599264000000,10446.25
1599350400000,10166.69
1599436800000,10256.2
1599523200000,10373.44
1599609600000,10126.65
1599696000000,10219.2
1599782400000,10336.87
1599868800000,10387.89
1599955200000,10440.92
1600041600000,10332.83
1600128000000,10671.77
1600214400000,10785.31
1600300800000,10954.01
1600387200000,10939.99
1600473600000,10933.39
1600560000000,11080.65
1600646400000,10920.28
1600732800000,10417.22
1600819200000,10529.61
1600905600000,10241.46
1600992000000,10736.32
1601078400000,10686.67
1601164800000,10728.6
1601251200000,10774.25
1601337600000,10696.12
1601424000000,10840.48
1601510400000,10776.59
1601596800000,10619.13
1601683200000,10570.4
1601769600000,10542.06
1601856000000,10666.63
1601942400000,10792.21
1602028800000,10599.66
1602115200000,10666.39
1602201600000,10925.57
1602288000000,11050.64
1602374400000,11293.22
1602460800000,11369.02
1602547200000,11528.25
1602633600000,11420.56
1602720000000,11417.89
1602806400000,11505.12
1602892800000,11319.32
1602979200000,11360.2
1603065600000,11503.14
1603152000000,11751.47
1603238400000,11909.99
1603324800000,12780.96
1603411200000,12968.52
1603497600000,12923.07
1603584000000,13111.73
1603670400000,13028.83
1603756800000,13052.19
1603843200000,13636.17
1603929600000,13266.4
1604016000000,13455.7
1604102400000,13560.1
1604188800000,13791.0
1604275200000,13761.5
1604361600000,13549.37
1604448000000,14023.53
1604534400000,14144.01
1604620800000,15590.02
1604707200000,15579.92
1604793600000,14818.3
1604880000000,15475.1
1604966400000,15328.41
1605052800000,15297.21
1605139200000,15684.24
1605225600000,16291.86
1605312000000,16320.7
1605398400000,16070.45
1605484800000,15957.0
1605571200000,16713.57
1605657600000,17659.38
1605744000000,17776.12
1605830400000,17802.82
1605916800000,18655.67
1606003200000,18703.8
1606089600000,18414.43
1606176000000,18368.0
1606262400000,19160.01
1606348800000,18719.11
1606435200000,17149.47
1606521600000,17139.52
1606608000000,17719.85
1606694400000,18184.99
1606780800000,19695.87
1606867200000,18764.96
1606953600000,19204.09
1607040000000,19421.9
1607126400000,18650.52
1607212800000,19147.66
1607299200000,19359.4
1607385600000,19166.9
1607472000000,18324.11
1607558400000,18541.28
1607644800000,18254.63
1607731200000,18036.53
1607817600000,18808.69
1607904000000,19174.99
1607990400000,19273.14
1608076800000,19426.43
1608163200000,21335.52
1608249600000,22797.16
1608336000000,23107.39
1608422400000,23821.61
1608508800000,23455.52
1608595200000,22719.71
1608681600000,23810.79
1608768000000,23232.76
1608854400000,23729.2
1608940800000,24712.47
1609027200000,26493.39
1609113600000,26281.66
1609200000000,27079.41
1609286400000,27385.0
1609372800000,28875.54
1609459200000,28923.63
1609545600000,29331.69
1609632000000,32178.33
1609718400000,33000.05
1609804800000,31988.71
1609891200000,33949.53
1609977600000,36769.36
1610064000000,39432.28
1610150400000,40582.81
1610236800000,40088.22
1610323200000,38150.02
1610409600000,35404.47
1610496000000,34051.24
1610582400000,37371.38
1610668800000,39144.5
1610755200000,36742.22
1610841600000,35994.98
1610928000000,35828.61
1611014400000,36631.27
1611100800000,35891.49
1611187200000,35468.23
1611273600000,30850.13
1611360000000,32945.17
1611446400000,32078.0
1611532800000,32259.9
1611619200000,32254.2
1611705600000,32467.77
1611792000000,30366.15
1611878400000,33364.86
1611964800000,34252.2
1612051200000,34262.88
1612137600000,33092.98
1612224000000,33526.37
1612310400000,35466.24
1612396800000,37618.87
1612483200000,36936.66
1612569600000,38290.24
1612656000000,39186.94
1612742400000,38795.69
1612828800000,46374.87
1612915200000,46420.42
1613001600000,44807.58
1613088000000,47969.51
1613174400000,47287.6
1613260800000,47153.69
1613347200000,48577.79
1613433600000,47911.1
1613520000000,49133.45
1613606400000,52119.71
1613692800000,51552.6
1613779200000,55906.0
1613865600000,55841.19
1613952000000,57408.57
1614038400000,54087.67
1614124800000,48891.0
1614211200000,49676.2
1614297600000,47073.73
1614384000000,46276.87
1614470400000,46106.43
1614556800000,45135.66
1614643200000,49587.03
1614729600000,48440.65
1614816000000,50349.37
1614902400000,48374.09
1614988800000,48751.71
1615075200000,48882.2
1615161600000,50971.75
1615248000000,52375.17
1615334400000,54884.5
1615420800000,55851.59
1615507200000,57773.16
1615593600000,57221.72
1615680000000,61188.39
1615766400000,58968.31
1615852800000,55605.2
1615939200000,56900.75
1616025600000,58912.97
1616112000000,57648.16
1616198400000,58030.01
1616284800000,58102.28
1616371200000,57351.56
1616457600000,54083.25
1616544000000,54340.89
1616630400000,52303.65
1616716800000,51293.78
1616803200000,55025.59
1616889600000,55817.14
1616976000000,55777.63
1617062400000,57635.47
1617148800000,58746.57
1617235200000,58740.55
1617321600000,58720.44
1617408000000,58950.01
1617494400000,57051.94
1617580800000,58202.01
1617667200000,59129.99
1617753600000,57991.15
1617840000000,55953.45
1617926400000,58077.52
1618012800000,58142.54
1618099200000,59769.13
1618185600000,60002.43
1618272000000,59860.0
1618358400000,63575.0
1618444800000,62959.53
1618531200000,63159.98
1618617600000,61334.8
1618704000000,60006.66
1618790400000,56150.01
1618876800000,55633.14
1618963200000,56425.0
1619049600000,53787.63
1619136000000,51690.96
1619222400000,51125.14
1619308800000,50047.84
1619395200000,49066.77
1619481600000,54001.39
1619568000000,55011.97
1619654400000,54846.22
1619740800000,53555.0
1619827200000,57694.27
1619913600000,57800.37
1620000000000,56578.21
1620086400000,57169.39
1620172800000,53200.01
1620259200000,57436.11
1620345600000,56393.68
1620432000000,57314.75
1620518400000,58862.05
1620604800000,58240.84
1620691200000,55816.14
1620777600000,56670.02
1620864000000,49631.32
1620950400000,49670.97
1621036800000,49841.45
1621123200000,46762.99
1621209600000,46431.5
1621296000000,43538.04
1621382400000,42849.78
1621468800000,36690.09
1621555200000,40526.64
1621641600000,37252.01
1621728000000,37449.73
1621814400000,34655.25
1621900800000,38796.29
1621987200000,38324.72
1622073600000,39241.91
1622160000000,38529.98
1622246400000,35663.49
1622332800000,34605.15
1622419200000,35641.27
1622505600000,37253.81
1622592000000,36693.09
1622678400000,37568.68
1622764800000,39246.79
1622851200000,36829.0
1622937600000,35513.2
1623024000000,35796.31
1623110400000,33552.79
1623196800000,33380.81
1623283200000,37388.05
1623369600000,36675.72
1623456000000,37331.98
1623542400000,35546.11
1623628800000,39020.57
1623715200000,40516.29
1623801600000,40144.04
1623888000000,38349.01
1623974400000,38092.97
1624060800000,35819.84
1624147200000,35483.72
1624233600000,35600.16
1624320000000,31608.93
1624406400000,32509.56
1624492800000,33678.07
1624579200000,34663.09
1624665600000,31584.45
1624752000000,32283.65
1624838400000,34700.34
1624924800000,34494.89
1625011200000,35911.73
1625097600000,35045.0
1625184000000,33504.69
1625270400000,33786.55
1625356800000,34669.13
1625443200000,35286.51
1625529600000,33690.14
1625616000000,34220.01
1625702400000,33862.12
1625788800000,32875.71
1625875200000,33815.81
1625961600000,33502.87
1626048000000,34258.99
1626134400000,33086.63
1626220800000,32729.77
1626307200000,32820.02
1626393600000,31880.0
1626480000000,31383.87
1626566400000,31520.07
1626652800000,31778.56
1626739200000,30839.65
1626825600000,29790.35
1626912000000,32144.51
1626998400000,32287.83
1627084800000,33634.09
1627171200000,34258.14
1627257600000,35381.02
1627344000000,37237.6
1627430400000,39457.87
1627516800000,40019.56
1627603200000,40016.48
1627689600000,42206.37
1627776000000,41461.83
1627862400000,39845.44
1627948800000,39147.82
1628035200000,38207.05
1628121600000,39723.18
1628208000000,40862.46
1628294400000,42836.87
1628380800000,44572.54
1628467200000,43794.37
1628553600000,46253.4
1628640000000,45584.99
1628726400000,45511.0
1628812800000,44399.0
1628899200000,47800.0
1628985600000,47068.51
1629072000000,46973.82
1629158400000,45901.29
1629244800000,44695.95
1629331200000,44705.29
1629417600000,46760.62
1629504000000,49322.47
1629590400000,48821.87
1629676800000,49239.22
1629763200000,49488.85
1629849600000,47674.01
1629936000000,48973.32
1630022400000,46843.87
1630108800000,49069.9
1630195200000,48895.35
1630281600000,48767.83
1630368000000,46982.91
1630454400000,47100.89
1630540800000,48810.52
1630627200000,49246.64
1630713600000,49999.14
1630800000000,49915.64
1630886400000,51756.88
1630972800000,52663.9
1631059200000,46863.73
1631145600000,46048.31
1631232000000,46395.14
1631318400000,44850.91
1631404800000,45173.69
1631491200000,46025.24
1631577600000,44940.73
1631664000000,47111.52
1631750400000,48121.41
1631836800000,47737.82
1631923200000,47299.98
1632009600000,48292.74
1632096000000,47241.75
1632182400000,43015.62
1632268800000,40734.38
1632355200000,43543.61
1632441600000,44865.26
1632528000000,42810.57
1632614400000,42670.64
1632700800000,43160.9
1632787200000,42147.35
1632873600000,41026.54
1632960000000,41524.28
1633046400000,43824.1
1633132800000,48141.61
1633219200000,47634.9
1633305600000,48200.01
1633392000000,49224.94
1633478400000,51471.99
1633564800000,55315.0
1633651200000,53785.22
1633737600000,53951.43
1633824000000,54949.72
1633910400000,54659.0
1633996800000,57471.35
1634083200000,55996.93
1634169600000,57367.0
1634256000000,57347.94
1634342400000,61672.42
1634428800000,60875.57
1634515200000,61528.33
1634601600000,62009.84
1634688000000,64280.59
1634774400000,66001.41
1634860800000,62193.15
1634947200000,60688.22
1635033600000,61286.75
1635120000000,60852.22
1635206400000,63078.78
1635292800000,60328.81
1635379200000,58413.44
1635465600000,60575.89
1635552000000,62253.71
1635638400000,61859.19
1635724800000,61299.8
1635811200000,60911.11
1635897600000,63219.99
1635984000000,62896.48
1636070400000,61395.01
1636156800000,60937.12
1636243200000,61470.61
1636329600000,63273.59
1636416000000,67525.83
1636502400000,66947.66
1636588800000,64882.43
1636675200000,64774.26
1636761600000,64122.23
1636848000000,64380.0
1636934400000,65519.1
1637020800000,63606.74
1637107200000,60058.87
1637193600000,60344.87
1637280000000,56891.62
1637366400000,58052.24
1637452800000,59707.51
1637539200000,58622.02
1637625600000,56247.18
1637712000000,57541.27
1637798400000,57138.29
1637884800000,58960.36
1637971200000,53726.53
1638057600000,54721.03
1638144000000,57274.88
1638230400000,57776.25
1638316800000,56950.56
1638403200000,57184.07
1638489600000,56480.34
1638576000000,53601.05
1638662400000,49152.47
1638748800000,49396.33
1638835200000,50441.92
1638921600000,50588.95
1639008000000,50471.19
1639094400000,47545.59
1639180800000,47140.54
1639267200000,49389.99
1639353600000,50053.9
1639440000000,46702.75
1639526400000,48343.28
1639612800000,48864.98
1639699200000,47632.38
1639785600000,46131.2
1639872000000,46834.48
1639958400000,46681.23
1640044800000,46914.16
1640131200000,48889.88
1640217600000,48588.16
1640304000000,50838.81
1640390400000,50820.0
1640476800000,50399.66
1640563200000,50775.49
1640649600000,50701.44
1640736000000,47543.74
1640822400000,46464.66
1640908800000,47120.87
1640995200000,46216.93
1641081600000,47722.65
1641168000000,47286.18
1641254400000,46446.1
1641340800000,45832.01
1641427200000,43451.13
1641513600000,43082.31
1641600000000,41566.48
1641686400000,41679.74
1641772800000,41864.62
1641859200000,41822.49
1641945600000,42729.29
1642032000000,43902.66
1642118400000,42560.11
1642204800000,43059.96
1642291200000,43084.29
1642377600000,43071.66
1642464000000,42201.62
1642550400000,42352.12
1642636800000,41660.01
1642723200000,40680.91
1642809600000,36445.31
1642896000000,35071.42
1642982400000,36244.55
1643068800000,36660.35
1643155200000,36958.32
1643241600000,36809.34
1643328000000,37160.1
1643414400000,37716.56
1643500800000,38166.84
1643587200000,37881.76
1643673600000,38466.9
1643760000000,38694.59
1643846400000,36896.36
1643932800000,37311.61
1644019200000,41574.25
1644105600000,41382.59
1644192000000,42380.87
1644278400000,43839.99
1644364800000,44042.99
1644451200000,44372.72
1644537600000,43495.44
1644624000000,42373.73
1644710400000,42217.87
1644796800000,42053.66
1644883200000,42535.94
1644969600000,44544.86
1645056000000,43873.56
1645142400000,40515.7
1645228800000,39974.44
1645315200000,40079.17
1645401600000,38386.89
1645488000000,37008.16
1645574400000,38230.33
1645660800000,37250.01
1645747200000,38327.21
1645833600000,39219.17
1645920000000,39116.72
1646006400000,37699.07
1646092800000,43160.0
1646179200000,44421.2
1646265600000,43892.98
1646352000000,42454.0
1646438400000,39148.66
1646524800000,39397.96
1646611200000,38420.81
1646697600000,37988.0
1646784000000,38730.63
1646870400000,41941.71
1646956800000,39422.0
1647043200000,38729.57
1647129600000,38807.36
1647216000000,37777.34
1647302400000,39671.37
1647388800000,39280.33
1647475200000,41114.0
1647561600000,40917.9
1647648000000,41757.51
1647734400000,42201.13
1647820800000,41262.11
1647907200000,41002.25
1647993600000,42364.13
1648080000000,42882.76
1648166400000,43991.46
1648252800000,44313.16
1648339200000,44511.27
1648425600000,46827.76
1648512000000,47122.21
1648598400000,47434.8
1648684800000,47067.99
1648771200000,45510.34
1648857600000,46283.49
1648944000000,45811.0
1649030400000,46407.35
1649116800000,46580.51
1649203200000,45497.55
1649289600000,43170.47
1649376000000,43444.19
1649462400000,42252.01
1649548800000,42753.97
1649635200000,42158.85
1649721600000,39530.45
1649808000000,40074.94
1649894400000,41147.79
1649980800000,39942.38
1650067200000,40551.9
1650153600000,40378.71
1650240000000,39678.12
1650326400000,40801.13
1650412800000,41493.18
1650499200000,41358.19
1650585600000,40480.01
1650672000000,39709.18
1650758400000,39441.6
1650844800000,39450.13
1650931200000,40426.08
1651017600000,38112.65
1651104000000,39235.72
1651190400000,39742.07
1651276800000,38596.11
1651363200000,37630.8
1651449600000,38468.35
1651536000000,38525.16
1651622400000,37728.95
1651708800000,39690.0
1651795200000,36552.97
1651881600000,36013.77
1651968000000,35472.39
1652054400000,34038.4
1652140800000,30076.31
1652227200000,31017.1
1652313600000,29103.94
1652400000000,29029.75
1652486400000,29287.05
1652572800000,30086.74
1652659200000,31328.89
1652745600000,29874.01
1652832000000,30444.93
1652918400000,28715.32
1653004800000,30319.23
1653091200000,29201.01
1653177600000,29445.06
1653264000000,30293.94
1653350400000,29109.15
1653436800000,29654.58
1653523200000,29542.15
1653609600000,29201.35
1653696000000,28629.8
1653782400000,29031.33
1653868800000,29468.1
1653955200000,31734.22
1654041600000,31801.04
1654128000000,29805.83
1654214400000,30452.62
1654300800000,29700.21
1654387200000,29864.04
1654473600000,29919.21
1654560000000,31373.1
1654646400000,31125.33
1654732800000,30204.77
1654819200000,30109.93
1654905600000,29091.88
1654992000000,28424.7
1655078400000,26574.53
1655164800000,22487.41
1655251200000,22136.41
1655337600000,22583.72
1655424000000,20401.31
1655510400000,20468.81
1655596800000,18970.79
1655683200000,20574.0
1655769600000,20573.89
1655856000000,20723.52
1655942400000,19987.99
1656028800000,21110.13
1656115200000,21237.69
1656201600000,21491.19
1656288000000,21038.07
1656374400000,20742.56
1656460800000,20281.29
1656547200000,20123.01
1656633600000,19942.21
1656720000000,19279.8
1656806400000,19252.81
1656892800000,19315.83
1656979200000,20236.71
1657065600000,20175.83
1657152000000,20564.51
1657238400000,21624.98
1657324800000,21594.75
1657411200000,21591.83
1657497600000,20862.47
1657584000000,19963.61
1657670400000,19328.75
1657756800000,20234.87
1657843200000,20588.84
1657929600000,20830.04
1658016000000,21195.6
1658102400000,20798.16
1658188800000,22432.58
1658275200000,23396.62
1658361600000,23223.3
1658448000000,23152.19
1658534400000,22684.83
1658620800000,22451.07
1658707200000,22579.68
1658793600000,21310.9
1658880000000,21254.67
1658966400000,22952.45
1659052800000,23842.93
1659139200000,23773.75
1659225600000,23643.51
1659312000000,23293.32
1659398400000,23268.01
1659484800000,22987.79
1659571200000,22818.37
1659657600000,22622.98
1659744000000,23312.42
1659830400000,22954.21
1659916800000,23174.39
1660003200000,23810.0
1660089600000,23149.95
1660176000000,23954.05
1660262400000,23934.39
1660348800000,24403.68
1660435200000,24441.38
1660521600000,24305.24
1660608000000,24094.82
1660694400000,23854.74
1660780800000,23342.66
1660867200000,23191.2
1660953600000,20834.39
1661040000000,21140.07
1661126400000,21515.61
1661212800000,21399.83
1661299200000,21529.12
1661385600000,21368.08
1661472000000,21559.04
1661558400000,20241.05
1661644800000,20037.6
1661731200000,19555.61
1661817600000,20285.73
1661904000000,19811.66
1661990400000,20050.02
1662076800000,20131.46
1662163200000,19951.86
1662249600000,19831.9
1662336000000,20000.3
1662422400000,19796.84
1662508800000,18790.61
1662595200000,19292.84
1662681600000,19319.77
1662768000000,21360.11
1662854400000,21648.34
1662940800000,21826.87
1663027200000,22395.74
1663113600000,20173.57
1663200000000,20226.71
1663286400000,19701.88
1663372800000,19803.3
1663459200000,20113.62
1663545600000,19416.18
1663632000000,19537.02
1663718400000,18875.0
1663804800000,18461.36
1663891200000,19401.63
1663977600000,19289.91
1664064000000,18920.5
1664150400000,18807.38
1664236800000,19227.82
1664323200000,19079.13
1664409600000,19412.82
1664496000000,19591.51
1664582400000,19422.61
1664668800000,19310.95
1664755200000,19056.8
1664841600000,19629.08
1664928000000,20337.82
1665014400000,20158.26
1665100800000,19960.67
1665187200000,19530.09
1665273600000,19417.96
1665360000000,19439.02
1665446400000,19131.87
1665532800000,19060.0
1665619200000,19155.53
1665705600000,19375.13
1665792000000,19176.93
1665878400000,19069.39
1665964800000,19262.98
1666051200000,19549.86
1666137600000,19327.44
1666224000000,19123.97
1666310400000,19041.92
1666396800000,19164.37
1666483200000,19204.35
1666569600000,19570.4
1666656000000,19329.72
1666742400000,20080.07
1666828800000,20771.59
1666915200000,20295.11
1667001600000,20591.84
1667088000000,20809.67
1667174400000,20627.48
1667260800000,20490.74
1667347200000,20483.62
1667433600000,20151.84
1667520000000,20207.82
1667606400000,21148.52
1667692800000,21299.37
1667779200000,20905.58
1667865600000,20591.13
1667952000000,18547.23
1668038400000,15922.81
1668124800000,17601.15
1668211200000,17070.31
1668297600000,16812.08
1668384000000,16329.85
1668470400000,16619.46
1668556800000,16900.57
1668643200000,16662.76
1668729600000,16692.56
1668816000000,16700.45
1668902400000,16700.68
1668988800000,16280.23
1669075200000,15781.29
1669161600000,16226.94
1669248000000,16603.11
1669334400000,16598.95
1669420800000,16522.14
1669507200000,16458.57
1669593600000,16428.78
1669680000000,16212.91
1669766400000,16442.53
1669852800000,17163.64
1669939200000,16977.37
1670025600000,17092.74
1670112000000,16885.2
1670198400000,17105.7
1670284800000,16966.35
1670371200000,17088.96
1670457600000,16836.64
1670544000000,17224.1
1670630400000,17128.56
1670716800000,17127.49
1670803200000,17085.05
1670889600000,17209.83
1670976000000,17774.7
1671062400000,17803.15
1671148800000,17356.34
1671235200000,16632.12
1671321600000,16776.52
1671408000000,16738.21
1671494400000,16438.88
1671580800000,16895.56
1671667200000,16824.67
1671753600000,16821.43
1671840000000,16778.5
1671926400000,16836.12
1672012800000,16832.11
1672099200000,16919.39
1672185600000,16706.36
1672272000000,16547.31
1672358400000,16633.47
1672444800000,16607.48
1672531200000,16542.4
1672617600000,16616.75
1672704000000,16672.87
1672790400000,16675.18
1672876800000,16850.36
1672963200000,16831.85
1673049600000,16950.65
1673136000000,16943.57
1673222400000,17127.83
1673308800000,17178.26
1673395200000,17440.66
1673481600000,17943.26
1673568000000,18846.62
1673654400000,19930.01
1673740800000,20954.92
1673827200000,20871.5
1673913600000,21185.65
1674000000000,21134.81
1674086400000,20677.47
1674172800000,21071.59
1674259200000,22667.21
1674345600000,22783.55
1674432000000,22707.88
1674518400000,22916.45
1674604800000,22632.89
1674691200000,23060.94
1674777600000,23009.65
1674864000000,23074.16
1674950400000,23022.6
1675036800000,23742.3
1675123200000,22826.15
1675209600000,23125.13
1675296000000,23732.66
1675382400000,23488.94
1675468800000,23431.9
1675555200000,23326.84
1675641600000,22932.91
1675728000000,22762.52
1675814400000,23240.46
1675900800000,22963.0
1675987200000,21796.35
1676073600000,21625.19
1676160000000,21862.55
1676246400000,21783.54
1676332800000,21773.97
1676419200000,22199.84
1676505600000,24324.05
1676592000000,23517.72
1676678400000,24569.97
1676764800000,24631.95
1676851200000,24271.76
1676937600000,24842.2
1677024000000,24452.16
1677110400000,24182.21
1677196800000,23940.2
1677283200000,23185.29
1677369600000,23157.07
1677456000000,23554.85
1677542400000,23492.09
1677628800000,23141.57
1677715200000,23628.97
1677801600000,23465.32
1677888000000,22354.34
1677974400000,22346.57
1678060800000,22430.24
1678147200000,22410.0
1678233600000,22197.96
1678320000000,21705.44
1678406400000,20362.22
1678492800000,20150.69
1678579200000,20455.73
1678665600000,21997.11
1678752000000,24113.48
1678838400000,24670.41
1678924800000,24285.66
1679011200000,24998.78
1679097600000,27395.13
1679184000000,26907.49
1679270400000,27972.87
1679356800000,27717.01
1679443200000,28105.47
1679529600000,27250.97
1679616000000,28295.41
1679702400000,27454.47
1679788800000,27462.95
1679875200000,27968.05
1679961600000,27124.91
1680048000000,27261.07
1680134400000,28348.6
1680220800000,28028.53
1680307200000,28465.36
1680393600000,28452.73
1680480000000,28171.87
1680566400000,27800.0
1680652800000,28165.47
1680739200000,28170.01
1680825600000,28033.82
1680912000000,27906.33
1680998400000,27938.38
1681084800000,28323.76
1681171200000,29637.34
1681257600000,30200.42
1681344000000,29888.07
1681430400000,30373.84
1681516800000,30466.93
1681603200000,30295.09
1681689600000,30304.65
1681776000000,29430.27
1681862400000,30380.01
1681948800000,28797.1
1682035200000,28243.65
1682121600000,27262.84
1682208000000,27816.85
1682294400000,27590.6
1682380800000,27510.93
1682467200000,28300.79
1682553600000,28415.29
1682640000000,29472.77
1682726400000,29311.7
1682812800000,29230.45
1682899200000,29233.21
1682985600000,28068.26
1683072000000,28669.86
1683158400000,29026.16
1683244800000,28838.16
1683331200000,29505.61
1683417600000,28848.2
1683504000000,28430.1
1683590400000,27668.79
1683676800000,27628.27
1683763200000,27598.75
1683849600000,26968.62
1683936000000,26795.01
1684022400000,26775.28
1684108800000,26917.62
1684195200000,27162.14
1684281600000,27033.84
1684368000000,27405.61
1684454400000,26821.28
1684540800000,26880.26
1684627200000,27102.43
1684713600000,26747.78
1684800000000,26849.27
1684886400000,27219.61
1684972800000,26329.01
1685059200000,26473.79
1685145600000,26705.92
1685232000000,26854.27
1685318400000,28065.0
1685404800000,27736.4
1685491200000,27694.4
1685577600000,27210.35
1685664000000,26817.93
1685750400000,27242.59
1685836800000,27069.22
1685923200000,27115.21
1686009600000,25728.2
1686096000000,27230.08
1686182400000,26339.34
1686268800000,26498.61
1686355200000,26477.81
1686441600000,25841.21
1686528000000,25925.55
1686614400000,25905.19
1686700800000,25934.25
1686787200000,25128.6
1686873600000,25598.49
1686960000000,26345.0
1687046400000,26516.99
1687132800000,26339.97
1687219200000,26844.35
1687305600000,28307.99
1687392000000,29993.89
1687478400000,29884.92
1687564800000,30688.5
1687651200000,30527.43
1687737600000,30462.66
1687824000000,30267.99
1687910400000,30692.44
1687996800000,30077.41
1688083200000,30447.31
1688169600000,30472.0
1688256000000,30585.9
1688342400000,30617.03
1688428800000,31156.2
1688515200000,30766.51
1688601600000,30504.81
1688688000000,29895.43
1688774400000,30344.7
1688860800000,30284.63
1688947200000,30160.71
1689033600000,30411.57
1689120000000,30622.1
1689206400000,30380.0
1689292800000,31454.23
1689379200000,30312.01
1689465600000,30289.52
1689552000000,30231.99
1689638400000,30138.0
1689724800000,29859.13
1689811200000,29909.21
1689897600000,29800.0
1689984000000,29901.72
1690070400000,29794.0
1690156800000,30083.75
1690243200000,29176.5
1690329600000,29228.91
1690416000000,29351.96
1690502400000,29222.78
1690588800000,29314.14
1690675200000,29352.9
1690761600000,29281.09
1690848000000,29232.25
1690934400000,29705.99
1691020800000,29186.01
1691107200000,29193.64
1691193600000,29113.99
1691280000000,29072.13
1691366400000,29088.42
1691452800000,29211.06
1691539200000,29770.42
1691625600000,29581.99
1691712000000,29455.75
1691798400000,29426.03
1691884800000,29430.17
1691971200000,29303.84
1692057600000,29430.93
1692144000000,29200.0
1692230400000,28730.51
1692316800000,26623.41
1692403200000,26054.0
1692489600000,26100.01
1692576000000,26189.99
1692662400000,26126.92
1692748800000,26056.0
1692835200000,26432.72
1692921600000,26180.05
1693008000000,26060.01
1693094400000,26017.37
1693180800000,26101.77
1693267200000,26120.0
1693353600000,27716.34
1693440000000,27299.99
1693526400000,25940.78
1693612800000,25805.05
1693699200000,25869.51
1693785600000,25971.21
1693872000000,25826.02
1693958400000,25792.1
1694044800000,25759.95
1694131200000,26255.0
1694217600000,25910.5
1694304000000,25901.61
1694390400000,25841.61
1694476800000,25162.52
1694563200000,25840.1
1694649600000,26222.0
1694736000000,26522.73
1694822400000,26600.0
1694908800000,26559.67
1694995200000,26527.51
1695081600000,26762.51
1695168000000,27210.26
1695254400000,27125.0
1695340800000,26568.08
1695427200000,26580.14
1695513600000,26575.96
1695600000000,26248.38
1695686400000,26304.81
1695772800000,26221.67
1695859200000,26372.99
1695945600000,27021.39
1696032000000,26906.96
1696118400000,26962.56
1696204800000,27992.57
1696291200000,27494.51
1696377600000,27426.46
1696464000000,27778.57
1696550400000,27410.39
1696636800000,27931.09
1696723200000,27956.67
1696809600000,27917.05
1696896000000,27590.12
1696982400000,27390.12
1697068800000,26875.52
1697155200000,26759.63
1697241600000,26862.0
1697328000000,26852.48
1697414400000,27154.15
1697500800000,28500.78
1697587200000,28395.91
1697673600000,28320.0
1697760000000,28713.71
1697846400000,29669.04
1697932800000,29909.8
1698019200000,29992.46
1698105600000,33069.99
1698192000000,33922.73
1698278400000,34496.05
1698364800000,34151.66
1698451200000,33892.02
1698537600000,34081.0
1698624000000,34525.89
1698710400000,34474.73
1698796800000,34639.77
1698883200000,35421.43
1698969600000,34941.59
1699056000000,34716.78
1699142400000,35062.07
1699228800000,35011.88
1699315200000,35046.09
1699401600000,35399.12
1699488000000,35624.72
1699574400000,36701.09
1699660800000,37301.63
1699747200000,37130.0
1699833600000,37064.13
1699920000000,36462.93
1700006400000,35551.19
1700092800000,37858.2
1700179200000,36163.51
1700265600000,36613.92
1700352000000,36568.1
1700438400000,37359.86
1700524800000,37448.78
1700611200000,35741.65
1700697600000,37408.34
1700784000000,37294.28
1700870400000,37713.57
1700956800000,37780.67
1701043200000,37447.43
1701129600000,37242.7
1701216000000,37818.87
1701302400000,37854.64
1701388800000,37723.96
1701475200000,38682.52
1701561600000,39450.35
1701648000000,39972.26
1701734400000,41991.1
1701820800000,44073.32
1701907200000,43762.69
1701993600000,43273.14
1702080000000,44170.99
1702166400000,43713.6
1702252800000,43789.51
1702339200000,41253.4
1702425600000,41492.39
1702512000000,42869.03
1702598400000,43022.26
1702684800000,41940.3
1702771200000,42278.03
1702857600000,41374.65
1702944000000,42657.8
1703030400000,42275.99
1703116800000,43668.93
1703203200000,43861.8
1703289600000,43969.04
1703376000000,43702.16
1703462400000,42991.5
1703548800000,43576.13
1703635200000,42508.93
1703721600000,43428.85
1703808000000,42563.76
1703894400000,42066.95
1703980800000,42140.28
1704067200000,42283.58
1704153600000,44179.55
1704240000000,44946.91
1704326400000,42845.23
1704412800000,44151.1
1704499200000,44145.11
1704585600000,43968.32
1704672000000,43929.02
1704758400000,46951.04
1704844800000,46110.0
1704931200000,46653.99
1705017600000,46339.16
1705104000000,42782.73
1705190400000,42847.99
1705276800000,41732.35
1705363200000,42511.1
1705449600000,43137.95
1705536000000,42776.1
1705622400000,41327.5
1705708800000,41659.03
1705795200000,41696.04
1705881600000,41580.33
1705968000000,39568.02
1706054400000,39897.6
1706140800000,40084.88
1706227200000,39961.09
1706313600000,41823.51
1706400000000,42120.63
1706486400000,42031.06
1706572800000,43302.7
1706659200000,42941.1
1706745600000,42580.0
1706832000000,43082.94
1706918400000,43200.0
1707004800000,43011.09
1707091200000,42582.88
1707177600000,42708.7
1707264000000,43098.95
1707350400000,44349.6
1707436800000,45288.65
1707523200000,47132.77
1707609600000,47751.09
1707696000000,48299.99
1707782400000,49917.27
1707868800000,49699.59
1707955200000,51795.17
1708041600000,51880.0
1708128000000,52124.11
1708214400000,51642.64
1708300800000,52137.67
1708387200000,51774.73
1708473600000,52258.82
1708560000000,51849.39
1708646400000,51288.42
1708732800000,50744.15
1708819200000,51568.22
1708905600000,51728.85
1708992000000,54476.47
1709078400000,57037.34
1709164800000,62432.1
1709251200000,61130.98
1709337600000,62387.9
1709424000000,61987.28
1709510400000,63113.97
1709596800000,68245.71
1709683200000,63724.01
1709769600000,66074.04
1709856000000,66823.17
1709942400000,68124.19
1710028800000,68313.27
1710115200000,68955.88
1710201600000,72078.1
1710288000000,71452.01
1710374400000,73072.41
1710460800000,71388.94
1710547200000,69499.85
1710633600000,65300.63
1710720000000,68393.48
1710806400000,67609.99
1710892800000,61937.4
1710979200000,67840.51
1711065600000,65501.27
1711152000000,63796.64
1711238400000,63990.01
1711324800000,67209.99
1711411200000,69880.01
1711497600000,69988.0
1711584000000,69469.99
1711670400000,70780.6
1711756800000,69850.54
1711843200000,69582.18
1711929600000,71280.01
1712016000000,69649.8
1712102400000,65463.99
1712188800000,65963.28
1712275200000,68487.79
1712361600000,67820.62
1712448000000,68896.0
1712534400000,69360.39
1712620800000,71620.0
1712707200000,69146.0
1712793600000,70631.08
1712880000000,70006.23
1712966400000,67116.52
1713052800000,63924.51
1713139200000,65661.84
1713225600000,63419.99
1713312000000,63793.39
1713398400000,61277.37
1713484800000,63470.08
1713571200000,63818.01
1713657600000,64940.59
1713744000000,64941.15
1713830400000,66819.32
1713916800000,66414.0
1714003200000,64289.59
1714089600000,64498.34
1714176000000,63770.01
1714262400000,63461.98
1714348800000,63118.62
1714435200000,63866.0
1714521600000,60672.0
1714608000000,58364.97
1714694400000,59060.61
1714780800000,62882.01
1714867200000,63892.04
1714953600000,64012.0
1715040000000,63165.19
1715126400000,62312.08
1715212800000,61193.03
1715299200000,63074.01
1715385600000,60799.99
1715472000000,60825.99
1715558400000,61483.99
1715644800000,62940.08
1715731200000,61577.49
1715817600000,66206.5
1715904000000,65235.21
1715990400000,67024.0
1716076800000,66915.2
1716163200000,66274.01
1716249600000,71446.62
1716336000000,70148.34
1716422400000,69166.62
1716508800000,67969.65
1716595200000,68549.99
1716681600000,69290.57
1716768000000,68507.67
1716854400000,69436.43
1716940800000,68398.39
1717027200000,67652.42
1717113600000,68352.17
1717200000000,67540.01
1717286400000,67766.85
1717372800000,67765.63
1717459200000,68809.9
1717545600000,70537.84
1717632000000,71108.0
1717718400000,70799.06
1717804800000,69355.6
1717891200000,69310.46
1717977600000,69648.14
1718064000000,69540.0
1718150400000,67314.24
1718236800000,68263.99
1718323200000,66773.01
1718409600000,66043.99
1718496000000,66228.25
1718582400000,66676.87
1718668800000,66504.33
1718755200000,65175.32
1718841600000,64974.37
1718928000000,64869.99
1719014400000,64143.56
1719100800000,64262.01
1719187200000,63210.01
1719273600000,60293.3
1719360000000,61806.01
1719446400000,60864.99
1719532800000,61706.47
1719619200000,60427.84
1719705600000,60986.68
1719792000000,62772.01
1719878400000,62899.99
1719964800000,62135.47
1720051200000,60208.58
1720137600000,57050.01
1720224000000,56628.79
1720310400000,58230.13
1720396800000,55857.81
1720483200000,56714.62
1720569600000,58050.0
1720656000000,57725.85
1720742400000,57339.89
1720828800000,57889.1
1720915200000,59204.02
1721001600000,60797.91
1721088000000,64724.14
1721174400000,65043.99
1721260800000,64087.99
1721347200000,63987.92
1721433600000,66660.0
1721520000000,67139.96
1721606400000,68165.34
1721692800000,67532.01
1721779200000,65936.01
1721865600000,65376.0
1721952000000,65799.95
1722038400000,67907.99
1722124800000,67896.5
1722211200000,68249.88
1722297600000,66784.69
1722384000000,66188.0
1722470400000,64628.0
1722556800000,65354.02
1722643200000,61498.33
1722729600000,60697.99
1722816000000,58161.0
1722902400000,54018.81
1722988800000,56022.01
1723075200000,55134.16
1723161600000,61685.99
1723248000000,60837.99
1723334400000,60923.51
1723420800000,58712.59
1723507200000,59346.64
1723593600000,60587.15
1723680000000,58683.39
1723766400000,57541.06
1723852800000,58874.6
1723939200000,59491.99
1724025600000,58427.35
1724112000000,59438.5
1724198400000,59013.8
1724284800000,61156.03
1724371200000,60375.84
1724457600000,64037.24
1724544000000,64157.01
1724630400000,64220.0
1724716800000,62834.0
1724803200000,59415.0
1724889600000,59034.9
1724976000000,59359.01
1725062400000,59123.99
1725148800000,58973.99
1725235200000,57301.86
1725321600000,59132.13
1725408000000,57487.73
1725494400000,57970.9
1725580800000,56180.0
1725667200000,53962.97
1725753600000,54160.86
1725840000000,54869.95
1725926400000,57042.0
1726012800000,57635.99
1726099200000,57338.0
1726185600000,58132.32
1726272000000,60498.0
1726358400000,59993.03
1726444800000,59132.0
1726531200000,58213.99
1726617600000,60313.99
1726704000000,61759.99
1726790400000,62947.99
1726876800000,63201.05
1726963200000,63348.96
1727049600000,63578.76
1727136000000,63339.99
1727222400000,64262.7
1727308800000,63152.01
1727395200000,65173.99
1727481600000,65769.95
1727568000000,65858.0
1727654400000,65602.01
1727740800000,63327.59
1727827200000,60805.78
1727913600000,60649.28
1728000000000,60752.71
1728086400000,62086.0
1728172800000,62058.0
1728259200000,62819.91
1728345600000,62224.0
1728432000000,62160.49
1728518400000,60636.02
1728604800000,60326.39
1728691200000,62540.0
1728777600000,63206.22
1728864000000,62870.02
1728950400000,66083.99
1729036800000,67074.14
1729123200000,67620.01
1729209600000,67421.78
1729296000000,68428.0
1729382400000,68378.0
1729468800000,69031.99
1729555200000,67377.5
1729641600000,67426.0
1729728000000,66668.65
1729814400000,68198.28
1729900800000,66698.33
1729987200000,67092.76
1730073600000,68021.7
1730160000000,69962.21
1730246400000,72736.42
1730332800000,72344.74
1730419200000,70292.01
1730505600000,69496.01
1730592000000,69374.74
1730678400000,68775.99
1730764800000,67850.01
1730851200000,69372.01
1730937600000,75571.99
1731024000000,75857.89
1731110400000,76509.78
1731196800000,76677.46
1731283200000,80370.01
1731369600000,88647.99
1731456000000,87952.01
1731542400000,90375.2
1731628800000,87325.59
1731715200000,91032.07
1731801600000,90586.92
1731888000000,89855.99
1731974400000,90464.08
1732060800000,92310.79
1732147200000,94286.56
1732233600000,98317.12
1732320000000,98892.0
1732406400000,97672.4
1732492800000,97900.04
1732579200000,93010.01
1732665600000,91965.16
1732752000000,95863.11
1732838400000,95643.98
1732924800000,97460.0
1733011200000,96407.99
1733097600000,97185.18
1733184000000,95840.62
1733270400000,95849.69
1733356800000,98587.32
1733443200000,96945.63
1733529600000,99740.84
1733616000000,99831.99
1733702400000,101109.59
1733788800000,97276.47
1733875200000,96593.0
1733961600000,101125.0
1734048000000,100004.29
1734134400000,101424.25
1734220800000,101420.0
1734307200000,104463.99
1734393600000,106058.66
1734480000000,106133.74
1734566400000,100204.01
1734652800000,97461.86
1734739200000,97805.44
1734825600000,97291.99
1734912000000,95186.27
1734998400000,94881.47
1735084800000,98663.58
1735171200000,99429.6
1735257600000,95791.6
1735344000000,94299.03
1735430400000,95300.0
1735516800000,93738.2
1735603200000,92792.05
1735689600000,93576.0
1735776000000,94591.79
1735862400000,96984.79
1735948800000,98174.18
1736035200000,98220.5
1736121600000,98363.61
1736208000000,102235.6
1736294400000,96954.61
1736380800000,95060.61
1736467200000,92552.49
1736553600000,94726.11
1736640000000,94599.99
1736726400000,94545.06
1736812800000,94536.1
1736899200000,96560.86
1736985600000,100497.35
1737072000000,99987.3
1737158400000,104077.48
1737244800000,104556.23
1737331200000,101331.57
1737417600000,102260.01
1737504000000,106143.82
1737590400000,103706.66
1737676800000,103910.34
1737763200000,104870.5
1737849600000,104746.85
1737936000000,102620.0
1738022400000,102082.83
1738108800000,101335.52
1738195200000,103733.24
1738281600000,104722.94
1738368000000,102429.56
1738454400000,100635.65
1738540800000,97700.59
1738627200000,101328.52
1738713600000,97763.13
1738800000000,96612.43
1738886400000,96554.35
1738972800000,96506.8
1739059200000,96444.74
1739145600000,96462.75
1739232000000,97430.82
1739318400000,95778.2
1739404800000,97869.99
1739491200000,96608.14
1739577600000,97500.48
1739664000000,97569.66
1739750400000,96118.12
1739836800000,95780.0
1739923200000,95671.74
1740009600000,96644.37
1740096000000,98305.0
1740182400000,96181.98
1740268800000,96551.01
1740355200000,96258.0
1740441600000,91552.88
1740528000000,88680.4
1740614400000,84250.09
1740700800000,84708.58
1740787200000,84349.94
1740873600000,86064.53
1740960000000,94270.0
1741046400000,86220.61
1741132800000,87281.98
1741219200000,90606.01
1741305600000,89931.89
1741392000000,86801.75
1741478400000,86222.45
1741564800000,80734.37
1741651200000,78595.86
1741737600000,82932.99
1741824000000,83680.12
1741910400000,81115.78
1741996800000,83983.2
1742083200000,84338.44
1742169600000,82574.53
1742256000000,84010.03
1742342400000,82715.03
1742428800000,86845.94
1742515200000,84223.39
1742601600000,84088.79
1742688000000,83840.59
1742774400000,86082.5
1742860800000,87498.16
1742947200000,87392.87
1743033600000,86909.17
1743120000000,87232.01
1743206400000,84424.38
1743292800000,82648.54
1743379200000,82389.99
1743465600000,82550.01
1743552000000,85158.34
1743638400000,82516.29
1743724800000,83213.09
1743811200000,83889.87
1743897600000,83537.99
1743984000000,78430.0
1744070400000,79163.24
1744156800000,76322.42
1744243200000,82615.22
1744329600000,79607.3
1744416000000,83423.84
1744502400000,85276.9
1744588800000,83760.0
1744675200000,84591.58
1744761600000,83643.99
1744848000000,84030.38
1744934400000,84947.91
1745020800000,84474.69
1745107200000,85077.01
1745193600000,85179.24
1745280000000,87516.23
1745366400000,93442.99
1745452800000,93691.08
1745539200000,93980.47
1745625600000,94638.68
1745712000000,94628.0
1745798400000,93749.3
1745884800000,95011.18
1745971200000,94256.82
1746057600000,94172.0
1746144000000,96489.91
1746230400000,96887.14
1746316800000,95856.42
1746403200000,94277.62
1746489600000,94733.68
1746576000000,96834.02
1746662400000,97030.5
1746748800000,103261.6
1746835200000,102971.99
1746921600000,104809.53
1747008000000,104118.0
1747094400000,102791.32
1747180800000,104103.72
1747267200000,103507.82
1747353600000,103763.71
1747440000000,103463.9
1747526400000,103126.65
1747612800000,106454.26
1747699200000,105573.74
1747785600000,106849.99
1747872000000,109643.99
1747958400000,111696.21
1748044800000,107318.3
1748131200000,107761.91
1748217600000,109004.19
1748304000000,109434.79
1748390400000,108938.17
1748476800000,107781.78
1748563200000,105589.75
1748649600000,103985.48
1748736000000,104591.88
1748822400000,105642.93
1748908800000,105857.99
1748995200000,105376.89
1749081600000,104696.86
1749168000000,101508.68
1749254400000,104288.44
1749340800000,105552.15
1749427200000,105734.0
1749513600000,110263.02
1749600000000,110274.39
1749686400000,108645.12
1749772800000,105671.73
1749859200000,106066.59
1749945600000,105414.64
1750032000000,105594.01
1750118400000,106794.53
1750204800000,104551.17
1750291200000,104886.78
1750377600000,104658.59
1750464000000,103297.99
1750550400000,102120.01
1750636800000,100963.87
1750723200000,105333.93
1750809600000,106083.0
1750896000000,107340.58
1750982400000,106947.06
1751068800000,107047.59
1751155200000,107296.79
1751241600000,108356.93
1751328000000,107146.5
1751414400000,105681.14
1751500800000,108849.6
1751587200000,109584.78
1751673600000,107984.24
1751760000000,108198.12
1751846400000,109203.84
1751932800000,108262.94
1752019200000,108922.98
1752105600000,111233.99
1752192000000,116010.0
1752278400000,117527.66
1752364800000,117420.0
1752451200000,119086.64
1752537600000,119841.18
1752624000000,117758.09
1752710400000,118630.43
1752796800000,119177.56
1752883200000,117924.84
1752969600000,117840.0
1753056000000,117265.12
1753142400000,117380.36
1753228800000,119954.42
1753315200000,118755.99
1753401600000,118340.99
1753488000000,117614.31
1753574400000,117919.99
1753660800000,119415.55
1753747200000,118062.32
1753833600000,117950.76
1753920000000,117840.3
1754006400000,115764.08
1754092800000,113297.93
1754179200000,112546.35
1754265600000,114208.8
1754352000000,115055.03
1754438400000,114129.75
1754524800000,114992.27
1754611200000,117472.01
1754697600000,116674.74
1754784000000,116462.25
1754870400000,119294.01
1754956800000,118686.0
1755043200000,120134.08
1755129600000,123306.43
1755216000000,118295.09
1755302400000,117342.05
1755388800000,117380.66
1755475200000,117405.01
1755561600000,116227.05
1755648000000,112872.94
1755734400000,114271.24
1755820800000,112500.0
1755907200000,116935.99
1755993600000,115438.05
1756080000000,113493.59
1756166400000,110111.98
1756252800000,111763.22
1756339200000,111262.01
1756425600000,112566.9
1756512000000,108377.4
1756598400000,108816.33
1756684800000,108246.35
1756771200000,109237.42
1756857600000,111240.01
1756944000000,111705.71
1757030400000,110730.87
1757116800000,110659.99
1757203200000,110187.97
1757289600000,111137.34
1757376000000,112065.23
1757462400000,111546.39
1757548800000,113960.0
1757635200000,115482.69
1757721600000,116029.42
1757808000000,115918.29
1757894400000,115268.01
1757980800000,115349.71
1758067200000,116788.96
1758153600000,116447.59
1758240000000,117073.53
1758326400000,115632.38
1758412800000,115685.63
1758499200000,115232.29
1758585600000,112650.99
1758672000000,111998.8
1758758400000,113307.0
1758844800000,108994.49
1758931200000,109643.46
1759017600000,109635.85
1759104000000,112163.95
1759190400000,114311.96
1759276800000,114048.93
1759363200000,118594.99
1759449600000,120529.35
1759536000000,122232.0
1759622400000,122391.0
1759708800000,123482.31
1759795200000,124658.54
1759881600000,121332.95
1759968000000,123306.0
1760054400000,121662.4
1760140800000,112774.5
1760227200000,110644.4
1760313600000,114958.8
1760400000000,115166.0
1760486400000,113028.14
1760572800000,110763.28
1760659200000,108194.28
1760745600000,106431.68
1760832000000,107185.01
1760918400000,108642.78
1761004800000,110532.09
1761091200000,108297.67
1761177600000,107567.44
1761264000000,110078.18
1761350400000,111004.89
1761436800000,111646.27
1761523200000,114559.4
1761609600000,114107.65
1761696000000,112898.45
1761782400000,110021.29
1761868800000,108322.88
1761955200000,109608.01
1762041600000,110098.1
1762128000000,110540.68
1762214400000,106583.04
1762300800000,101497.22
1762387200000,103885.16
1762473600000,101346.04
1762560000000,103339.08
1762646400000,102312.94
1762732800000,104722.96
1762819200000,106011.13
1762905600000,103058.99
1762992000000,101654.37
1763078400000,99692.02
1763164800000,94594.0
1763251200000,95596.24
1763337600000,94261.44
1763424000000,92215.14
1763510400000,92960.83
1763596800000,91554.96
1763683200000,86637.23
1763769600000,85129.43
1763856000000,84739.74
1763942400000,86830.0
1764028800000,88300.01
1764115200000,87369.96
1764201600000,90484.02
1764288000000,91333.95
1764374400000,90890.7
1764460800000,90802.44
1764547200000,90360.0
1764633600000,86286.01
1764720000000,91277.88
1764806400000,93429.95
1764892800000,92078.06
1764979200000,89330.04
1765065600000,89236.79
1765152000000,90395.31
1765238400000,90634.34
1765324800000,92678.8
1765411200000,92015.37
1765497600000,92513.38
1765584000000,90268.42
1765670400000,90240.01
1765756800000,88172.17
1765843200000,86432.08
1765929600000,87863.42
1766016000000,86243.22
1766102400000,85516.41
1766188800000,88136.94
1766275200000,88360.9
1766361600000,88658.86
1766448000000,88620.79
1766534400000,87486.0
1766620800000,87669.45
1766707200000,87225.27
1766793600000,87369.56
1766880000000,87877.01
1766966400000,87952.71
1767052800000,87237.13
1767139200000,88485.49
1767225600000,87648.22
